what,kind,bundleId,bundleVersion,description,time
activated,perspective,org.eclipse.jst.j2ee.ui,,"org.eclipse.jst.j2ee.J2EEPerspective",1328318532475
started,bundle,org.eclipse.osgi,3.7.1.R37x_v20110808-1106,"org.eclipse.osgi",1328318532476
started,bundle,org.eclipse.equinox.simpleconfigurator,1.0.200.v20110502-1955,"org.eclipse.equinox.simpleconfigurator",1328318532477
started,bundle,com.atlassian.connector.eclipse.bamboo.core,3.0.0.v20110210,"com.atlassian.connector.eclipse.bamboo.core",1328318532477
started,bundle,com.atlassian.connector.eclipse.bamboo.ui,3.0.0.v20110210,"com.atlassian.connector.eclipse.bamboo.ui",1328318532477
started,bundle,com.atlassian.connector.eclipse.branding.ui,3.0.0.v20110210,"com.atlassian.connector.eclipse.branding.ui",1328318532477
started,bundle,com.atlassian.connector.eclipse.commons.ui,3.0.0.v20110210,"com.atlassian.connector.eclipse.commons.ui",1328318532477
started,bundle,com.atlassian.connector.eclipse.core,3.0.0.v20110210,"com.atlassian.connector.eclipse.core",1328318532477
started,bundle,com.atlassian.connector.eclipse.directclickthrough.ui,3.0.0.v20110210,"com.atlassian.connector.eclipse.directclickthrough.ui",1328318532477
started,bundle,com.atlassian.connector.eclipse.jira.core,3.0.0.v20110210,"com.atlassian.connector.eclipse.jira.core",1328318532477
started,bundle,com.atlassian.connector.eclipse.jira.ui,3.0.0.v20110210,"com.atlassian.connector.eclipse.jira.ui",1328318532477
started,bundle,com.atlassian.connector.eclipse.monitor.ui,3.0.0.v20110210,"com.atlassian.connector.eclipse.monitor.ui",1328318532477
started,bundle,com.collabnet.subversion.merge,2.2.4,"com.collabnet.subversion.merge",1328318532478
started,bundle,com.ibm.icu,4.4.2.v20110208,"com.ibm.icu",1328318532478
started,bundle,de.loskutov.anyedit.AnyEditTools,2.4.0.201101292156,"de.loskutov.anyedit.AnyEditTools",1328318532478
started,bundle,net.sf.eclipsecs.core,5.5.0.201111092104,"net.sf.eclipsecs.core",1328318532479
started,bundle,net.sf.eclipsecs.ui,5.5.0.201111092104,"net.sf.eclipsecs.ui",1328318532479
started,bundle,org.eclipse.compare,3.5.201.R37x_v20110817-0800,"org.eclipse.compare",1328318532480
started,bundle,org.eclipse.compare.core,3.5.200.I20110208-0800,"org.eclipse.compare.core",1328318532480
started,bundle,org.eclipse.core.contenttype,3.4.100.v20110423-0524,"org.eclipse.core.contenttype",1328318532481
started,bundle,org.eclipse.core.databinding.observable,1.4.0.I20110222-0800,"org.eclipse.core.databinding.observable",1328318532481
started,bundle,org.eclipse.core.expressions,3.4.300.v20110228,"org.eclipse.core.expressions",1328318532481
started,bundle,org.eclipse.core.filebuffers,3.5.200.v20110505-0800,"org.eclipse.core.filebuffers",1328318532482
started,bundle,org.eclipse.core.filesystem,1.3.100.v20110423-0524,"org.eclipse.core.filesystem",1328318532482
started,bundle,org.eclipse.core.jobs,3.5.100.v20110404,"org.eclipse.core.jobs",1328318532484
started,bundle,org.eclipse.core.net,1.2.100.I20110511-0800,"org.eclipse.core.net",1328318532484
started,bundle,org.eclipse.core.resources,3.7.100.v20110510-0712,"org.eclipse.core.resources",1328318532484
started,bundle,org.eclipse.core.runtime,3.7.0.v20110110,"org.eclipse.core.runtime",1328318532485
started,bundle,org.eclipse.core.runtime.compatibility,3.2.100.v20100505,"org.eclipse.core.runtime.compatibility",1328318532485
started,bundle,org.eclipse.core.runtime.compatibility.auth,3.2.200.v20110110,"org.eclipse.core.runtime.compatibility.auth",1328318532485
started,bundle,org.eclipse.emf.common,2.7.0.v20110912-0920,"org.eclipse.emf.common",1328318532485
started,bundle,org.eclipse.emf.common.ui,2.7.0.v20110913-1156,"org.eclipse.emf.common.ui",1328318532486
started,bundle,org.eclipse.emf.ecore,2.7.0.v20110912-0920,"org.eclipse.emf.ecore",1328318532486
started,bundle,org.eclipse.emf.ecore.xmi,2.7.0.v20110520-1406,"org.eclipse.emf.ecore.xmi",1328318532486
started,bundle,org.eclipse.emf.edit,2.7.1.v20110913-1526,"org.eclipse.emf.edit",1328318532487
started,bundle,org.eclipse.emf.edit.ui,2.7.0.v20110913-1156,"org.eclipse.emf.edit.ui",1328318532487
started,bundle,org.eclipse.epp.mpc.ui,1.1.1.I20110907-0947,"org.eclipse.epp.mpc.ui",1328318532487
started,bundle,org.eclipse.epp.usagedata.gathering,1.3.1.R201106061540,"org.eclipse.epp.usagedata.gathering",1328318532488
started,bundle,org.eclipse.epp.usagedata.recording,1.3.1.R201106061540,"org.eclipse.epp.usagedata.recording",1328318532488
started,bundle,org.eclipse.equinox.app,1.3.100.v20110321,"org.eclipse.equinox.app",1328318532489
started,bundle,org.eclipse.equinox.common,3.6.0.v20110523,"org.eclipse.equinox.common",1328318532489
started,bundle,org.eclipse.equinox.ds,1.3.1.R37x_v20110701,"org.eclipse.equinox.ds",1328318532489
started,bundle,org.eclipse.equinox.event,1.2.100.v20110502,"org.eclipse.equinox.event",1328318532489
started,bundle,org.eclipse.equinox.p2.core,2.1.0.v20110502-1955,"org.eclipse.equinox.p2.core",1328318532490
started,bundle,org.eclipse.equinox.p2.directorywatcher,1.0.300.v20110502-1955,"org.eclipse.equinox.p2.directorywatcher",1328318532490
started,bundle,org.eclipse.equinox.p2.engine,2.1.0.v20110511,"org.eclipse.equinox.p2.engine",1328318532491
started,bundle,org.eclipse.equinox.p2.metadata,2.1.0.v20110510,"org.eclipse.equinox.p2.metadata",1328318532491
started,bundle,org.eclipse.equinox.p2.metadata.repository,1.2.0.v20110511-1359,"org.eclipse.equinox.p2.metadata.repository",1328318532491
started,bundle,org.eclipse.equinox.p2.operations,2.1.0.v20110511-1821,"org.eclipse.equinox.p2.operations",1328318532492
started,bundle,org.eclipse.equinox.p2.reconciler.dropins,1.1.100.v20110510,"org.eclipse.equinox.p2.reconciler.dropins",1328318532492
started,bundle,org.eclipse.equinox.p2.repository,2.1.0.v20110601,"org.eclipse.equinox.p2.repository",1328318532492
started,bundle,org.eclipse.equinox.p2.ui.sdk.scheduler,1.0.100.v20110502-1955,"org.eclipse.equinox.p2.ui.sdk.scheduler",1328318532493
started,bundle,org.eclipse.equinox.p2.updatechecker,1.1.200.v20110502-1955,"org.eclipse.equinox.p2.updatechecker",1328318532493
started,bundle,org.eclipse.equinox.preferences,3.4.1.R37x_v20110725,"org.eclipse.equinox.preferences",1328318532493
started,bundle,org.eclipse.equinox.registry,3.5.101.R37x_v20110810-1611,"org.eclipse.equinox.registry",1328318532494
started,bundle,org.eclipse.equinox.security,1.1.1.R37x_v20110822-1018,"org.eclipse.equinox.security",1328318532494
started,bundle,org.eclipse.equinox.util,1.0.300.v20110502,"org.eclipse.equinox.util",1328318532494
started,bundle,org.eclipse.help,3.5.100.v20110426,"org.eclipse.help",1328318532495
started,bundle,org.eclipse.jdt.core,3.7.1.v_B76_R37x,"org.eclipse.jdt.core",1328318532495
started,bundle,org.eclipse.jdt.core.manipulation,1.4.0.v20110505-0800,"org.eclipse.jdt.core.manipulation",1328318532495
started,bundle,org.eclipse.jdt.ui,3.7.1.r371_v20110824-0800,"org.eclipse.jdt.ui",1328318532497
started,bundle,org.eclipse.jem.util,2.1.100.v201103021400,"org.eclipse.jem.util",1328318532497
started,bundle,org.eclipse.jface,3.7.0.I20110522-1430,"org.eclipse.jface",1328318532498
started,bundle,org.eclipse.jsch.core,1.1.300.I20110514-0800,"org.eclipse.jsch.core",1328318532498
started,bundle,org.eclipse.jst.j2ee.ui,1.1.501.v201108231700,"org.eclipse.jst.j2ee.ui",1328318532498
started,bundle,org.eclipse.jst.j2ee.webservice,1.1.400.v201004110600,"org.eclipse.jst.j2ee.webservice",1328318532499
started,bundle,org.eclipse.jst.j2ee.webservice.ui,1.1.500.v201105122000,"org.eclipse.jst.j2ee.webservice.ui",1328318532499
started,bundle,org.eclipse.jst.ws.jaxws.utils,1.0.0.v201004171919,"org.eclipse.jst.ws.jaxws.utils",1328318532499
started,bundle,org.eclipse.mylyn.bugzilla.core,3.6.4.v20111106-0100,"org.eclipse.mylyn.bugzilla.core",1328318532500
started,bundle,org.eclipse.mylyn.bugzilla.ui,3.6.0.v20110608-1400,"org.eclipse.mylyn.bugzilla.ui",1328318532500
started,bundle,org.eclipse.mylyn.commons.identity,0.8.0.v20110608-1400,"org.eclipse.mylyn.commons.identity",1328318532501
started,bundle,org.eclipse.mylyn.commons.net,3.6.0.v20110608-1400,"org.eclipse.mylyn.commons.net",1328318532501
started,bundle,org.eclipse.mylyn.commons.ui,3.6.1.v20110720-0100,"org.eclipse.mylyn.commons.ui",1328318532501
started,bundle,org.eclipse.mylyn.context.core,3.6.1.v20110720-0100,"org.eclipse.mylyn.context.core",1328318532501
started,bundle,org.eclipse.mylyn.context.ui,3.6.0.v20110608-1400,"org.eclipse.mylyn.context.ui",1328318532502
started,bundle,org.eclipse.mylyn.monitor.ui,3.6.0.v20110608-1400,"org.eclipse.mylyn.monitor.ui",1328318532502
started,bundle,org.eclipse.mylyn.tasks.ui,3.6.4.v20111117-0100,"org.eclipse.mylyn.tasks.ui",1328318532503
started,bundle,org.eclipse.mylyn.team.ui,3.6.1.v20110825-0100,"org.eclipse.mylyn.team.ui",1328318532503
started,bundle,org.eclipse.search,3.7.0.v20110505-0800,"org.eclipse.search",1328318532504
started,bundle,org.eclipse.team.core,3.6.0.I20110525-0800,"org.eclipse.team.core",1328318532504
started,bundle,org.eclipse.team.cvs.core,3.3.400.I20110510-0800,"org.eclipse.team.cvs.core",1328318532504
started,bundle,org.eclipse.team.cvs.ui,3.3.400.I20110510-0800,"org.eclipse.team.cvs.ui",1328318532505
started,bundle,org.eclipse.team.ui,3.6.100.I20110525-0800,"org.eclipse.team.ui",1328318532505
started,bundle,org.eclipse.ui,3.7.0.I20110602-0100,"org.eclipse.ui",1328318532506
started,bundle,org.eclipse.ui.console,3.5.100.v20110511,"org.eclipse.ui.console",1328318532506
started,bundle,org.eclipse.ui.editors,3.7.0.v20110517-0800,"org.eclipse.ui.editors",1328318532507
started,bundle,org.eclipse.ui.forms,3.5.100.v20110425,"org.eclipse.ui.forms",1328318532507
started,bundle,org.eclipse.ui.ide,3.7.0.v20110809-1737,"org.eclipse.ui.ide",1328318532508
started,bundle,org.eclipse.ui.intro,3.4.100.v20110425,"org.eclipse.ui.intro",1328318532508
started,bundle,org.eclipse.ui.intro.universal,3.2.500.v20110510,"org.eclipse.ui.intro.universal",1328318532508
started,bundle,org.eclipse.ui.navigator,3.5.100.v20110809-2227,"org.eclipse.ui.navigator",1328318532509
started,bundle,org.eclipse.ui.navigator.resources,3.4.300.I20110421-1800,"org.eclipse.ui.navigator.resources",1328318532509
started,bundle,org.eclipse.ui.net,1.2.100.I20110511-0800,"org.eclipse.ui.net",1328318532509
started,bundle,org.eclipse.ui.views,3.6.0.I20110412-0800,"org.eclipse.ui.views",1328318532510
started,bundle,org.eclipse.ui.workbench,3.7.0.I20110519-0100,"org.eclipse.ui.workbench",1328318532510
started,bundle,org.eclipse.ui.workbench.texteditor,3.7.0.v20110505-0800,"org.eclipse.ui.workbench.texteditor",1328318532511
started,bundle,org.eclipse.update.configurator,3.3.100.v20100512,"org.eclipse.update.configurator",1328318532511
started,bundle,org.eclipse.update.core,3.2.500.v20110330,"org.eclipse.update.core",1328318532511
started,bundle,org.eclipse.update.scheduler,3.2.300.v20100512,"org.eclipse.update.scheduler",1328318532512
started,bundle,org.eclipse.wst.common.emf,1.2.100.v201101101900,"org.eclipse.wst.common.emf",1328318532512
started,bundle,org.eclipse.wst.common.emfworkbench.integration,1.2.101.v201107140600,"org.eclipse.wst.common.emfworkbench.integration",1328318532512
started,bundle,org.eclipse.wst.common.frameworks,1.2.101.v201107192200,"org.eclipse.wst.common.frameworks",1328318532513
started,bundle,org.eclipse.wst.common.project.facet.core,1.4.200.v201103170332,"org.eclipse.wst.common.project.facet.core",1328318532513
started,bundle,org.eclipse.wst.web,1.1.500.v201104251400,"org.eclipse.wst.web",1328318532513
started,bundle,org.tigris.subversion.clientadapter,1.6.12,"org.tigris.subversion.clientadapter",1328318532513
started,bundle,org.tigris.subversion.subclipse.core,1.6.18,"org.tigris.subversion.subclipse.core",1328318532513
started,bundle,org.tigris.subversion.subclipse.mylyn,3.0.0,"org.tigris.subversion.subclipse.mylyn",1328318532513
started,bundle,org.tigris.subversion.subclipse.tools.usage,1.0.1,"org.tigris.subversion.subclipse.tools.usage",1328318532513
started,bundle,org.tigris.subversion.subclipse.ui,1.6.18,"org.tigris.subversion.subclipse.ui",1328318532514
os,sysinfo,,,"macosx",1328318532517
arch,sysinfo,,,"x86_64",1328318532517
ws,sysinfo,,,"cocoa",1328318532517
locale,sysinfo,,,"en_US",1328318532517
processors,sysinfo,,,"8",1328318532517
java.runtime.name,sysinfo,,,"Java(TM) SE Runtime Environment",1328318532517
java.runtime.version,sysinfo,,,"1.6.0_29-b11-402-11D50",1328318532517
java.specification.name,sysinfo,,,"Java Platform API Specification",1328318532517
java.specification.vendor,sysinfo,,,"Sun Microsystems Inc.",1328318532517
java.specification.version,sysinfo,,,"1.6",1328318532517
java.vendor,sysinfo,,,"Apple Inc.",1328318532517
java.version,sysinfo,,,"1.6.0_29",1328318532517
java.vm.info,sysinfo,,,"mixed mode",1328318532517
java.vm.name,sysinfo,,,"Java HotSpot(TM) 64-Bit Server VM",1328318532517
java.vm.specification.name,sysinfo,,,"Java Virtual Machine Specification",1328318532517
java.vm.specification.vendor,sysinfo,,,"Sun Microsystems Inc.",1328318532517
java.vm.specification.version,sysinfo,,,"1.0",1328318532517
java.vm.vendor,sysinfo,,,"Apple Inc.",1328318532517
java.vm.version,sysinfo,,,"20.4-b02-402",1328318532517
activated,workbench,org.eclipse.ui.workbench,3.7.0.I20110519-0100,"",1328318539071
activated,view,org.eclipse.ui.navigator.resources,3.4.300.I20110421-1800,"org.eclipse.ui.navigator.ProjectExplorer",1328318543276
activated,view,org.eclipse.ui.navigator.resources,3.4.300.I20110421-1800,"org.eclipse.ui.navigator.ProjectExplorer",1328318543292
closed,view,org.eclipse.ui,3.7.0.I20110602-0100,"org.eclipse.ui.internal.introview",1328318543304
deactivated,workbench,org.eclipse.ui.workbench,3.7.0.I20110519-0100,"",1328318572291
activated,workbench,org.eclipse.ui.workbench,3.7.0.I20110519-0100,"",1328318579458
deactivated,workbench,org.eclipse.ui.workbench,3.7.0.I20110519-0100,"",1328318588755
activated,workbench,org.eclipse.ui.workbench,3.7.0.I20110519-0100,"",1328318610152
deactivated,workbench,org.eclipse.ui.workbench,3.7.0.I20110519-0100,"",1328318617209
activated,workbench,org.eclipse.ui.workbench,3.7.0.I20110519-0100,"",1328318628570
closed,workbench,org.eclipse.ui.workbench,3.7.0.I20110519-0100,"",1328318628682
stopped,bundle,com.atlassian.connector.eclipse.directclickthrough.ui,3.0.0.v20110210,"com.atlassian.connector.eclipse.directclickthrough.ui",1328318629356
stopped,bundle,de.loskutov.BytecodeOutline,2.4.0,"de.loskutov.BytecodeOutline",1328318629357
stopped,bundle,org.eclipse.datatools.enablement.hsqldb.ui,1.0.0.v201108120600,"org.eclipse.datatools.enablement.hsqldb.ui",1328318629357
stopped,bundle,org.eclipse.datatools.enablement.ingres.ui,1.0.0.v201105270214,"org.eclipse.datatools.enablement.ingres.ui",1328318629358
stopped,bundle,org.eclipse.datatools.enablement.postgresql.ui,1.0.0.v200906020900,"org.eclipse.datatools.enablement.postgresql.ui",1328318629358
stopped,bundle,org.eclipse.datatools.enablement.sqlite.ui,1.0.0.v200906020900,"org.eclipse.datatools.enablement.sqlite.ui",1328318629358
stopped,bundle,org.eclipse.jpt.jpa.eclipselink.ui,2.0.1.v201108080010,"org.eclipse.jpt.jpa.eclipselink.ui",1328318629359
stopped,bundle,org.eclipse.jpt.jpa.ui,3.0.1.v201108080010,"org.eclipse.jpt.jpa.ui",1328318629360
stopped,bundle,org.eclipse.datatools.connectivity.db.generic.ui,1.0.1.v201004070709,"org.eclipse.datatools.connectivity.db.generic.ui",1328318629360
stopped,bundle,org.eclipse.datatools.connectivity.apache.derby.ui,1.0.3.v201007080903,"org.eclipse.datatools.connectivity.apache.derby.ui",1328318629361
stopped,bundle,org.eclipse.datatools.enablement.sybase.asa.schemaobjecteditor.examples,2.5.0.200810071,"org.eclipse.datatools.enablement.sybase.asa.schemaobjecteditor.examples",1328318629361
stopped,bundle,org.eclipse.datatools.enablement.sybase.asa.ui,1.0.1.v200906111150,"org.eclipse.datatools.enablement.sybase.asa.ui",1328318629362
stopped,bundle,org.eclipse.datatools.enablement.sybase.ase.ui,1.0.1.v200906020900,"org.eclipse.datatools.enablement.sybase.ase.ui",1328318629362
stopped,bundle,org.eclipse.datatools.enablement.sybase.ui,1.0.0.v200906090458,"org.eclipse.datatools.enablement.sybase.ui",1328318629363
stopped,bundle,org.eclipse.datatools.sqltools.data.ui,1.2.1.v201010270945,"org.eclipse.datatools.sqltools.data.ui",1328318629363
stopped,bundle,org.eclipse.datatools.connectivity.sqm.server.ui,1.1.100.v201009280455,"org.eclipse.datatools.connectivity.sqm.server.ui",1328318629364
stopped,bundle,org.eclipse.datatools.sqltools.ddlgen.ui,1.0.1.v201002270530,"org.eclipse.datatools.sqltools.ddlgen.ui",1328318629364
stopped,bundle,org.eclipse.datatools.sqltools.db.derby.ui,1.0.0.v200906020900,"org.eclipse.datatools.sqltools.db.derby.ui",1328318629364
stopped,bundle,org.eclipse.datatools.sqltools.db.generic.ui,1.0.0.v200906020900,"org.eclipse.datatools.sqltools.db.generic.ui",1328318629365
stopped,bundle,org.eclipse.datatools.sqltools.debugger.core.ui,1.0.0.v201003161000,"org.eclipse.datatools.sqltools.debugger.core.ui",1328318629365
stopped,bundle,org.eclipse.datatools.sqltools.routineeditor.ui,1.0.1.v201004060545,"org.eclipse.datatools.sqltools.routineeditor.ui",1328318629365
stopped,bundle,org.eclipse.datatools.sqltools.sqlbuilder,1.0.3.v201009131745,"org.eclipse.datatools.sqltools.sqlbuilder",1328318629366
stopped,bundle,org.eclipse.datatools.sqltools.debugger.core,1.0.1.v201005250945,"org.eclipse.datatools.sqltools.debugger.core",1328318629366
stopped,bundle,org.eclipse.datatools.sqltools.schemaobjecteditor.ui.pages,1.1.0.200810071,"org.eclipse.datatools.sqltools.schemaobjecteditor.ui.pages",1328318629367
stopped,bundle,org.eclipse.datatools.sqltools.schemaobjecteditor.ui,1.1.1.200810071,"org.eclipse.datatools.sqltools.schemaobjecteditor.ui",1328318629367
stopped,bundle,org.eclipse.datatools.sqltools.sqlscrapbook,1.0.1.v201005250945,"org.eclipse.datatools.sqltools.sqlscrapbook",1328318629368
stopped,bundle,org.eclipse.datatools.sqltools.sqleditor,1.0.2.v201009230800,"org.eclipse.datatools.sqltools.sqleditor",1328318629368
stopped,bundle,org.eclipse.datatools.sqltools.editor.core.ui,1.0.0.v201001150815,"org.eclipse.datatools.sqltools.editor.core.ui",1328318629368
stopped,bundle,org.eclipse.datatools.sqltools.tabledataeditor,1.0.1.v201005250945,"org.eclipse.datatools.sqltools.tabledataeditor",1328318629369
stopped,bundle,org.eclipse.datatools.connectivity.sqm.core.ui,1.2.0.v201002281800,"org.eclipse.datatools.connectivity.sqm.core.ui",1328318629369
stopped,bundle,org.eclipse.jst.j2ee.ejb.annotations.ui,1.1.200.v201004290730,"org.eclipse.jst.j2ee.ejb.annotations.ui",1328318629370
stopped,bundle,org.eclipse.datatools.connectivity.ui.dse,1.1.4.v201004270430,"org.eclipse.datatools.connectivity.ui.dse",1328318629370
stopped,bundle,edu.umd.cs.findbugs.plugin.eclipse,1.3.9.20090821,"edu.umd.cs.findbugs.plugin.eclipse",1328318629370
stopped,bundle,org.eclipse.jst.j2ee.xdoclet.runtime,1.1.300.v201004280700,"org.eclipse.jst.j2ee.xdoclet.runtime",1328318629371
stopped,bundle,org.eclipse.jst.j2ee.ejb.annotations.xdoclet,1.2.200.v201103302125,"org.eclipse.jst.j2ee.ejb.annotations.xdoclet",1328318629371
stopped,bundle,org.eclipse.jst.jsf.apache.trinidad.tagsupport,1.1.200.v201104061711,"org.eclipse.jst.jsf.apache.trinidad.tagsupport",1328318629371
stopped,bundle,org.eclipse.jst.jsf.facesconfig.ui,1.2.2.v201103292152,"org.eclipse.jst.jsf.facesconfig.ui",1328318629372
stopped,bundle,org.eclipse.jst.jsf.facelet.ui,1.0.1.v201104032306,"org.eclipse.jst.jsf.facelet.ui",1328318629372
stopped,bundle,org.eclipse.jst.jsf.ui,1.3.2.v201104251204,"org.eclipse.jst.jsf.ui",1328318629373
stopped,bundle,org.eclipse.jst.pagedesigner.jsf.ui,1.2.100.v201104061711,"org.eclipse.jst.pagedesigner.jsf.ui",1328318629373
stopped,bundle,org.eclipse.jst.pagedesigner,1.3.103.v201109010833,"org.eclipse.jst.pagedesigner",1328318629374
stopped,bundle,org.eclipse.jst.jsf.common.ui,1.2.100.v201104061711,"org.eclipse.jst.jsf.common.ui",1328318629374
stopped,bundle,org.eclipse.pde.ua.ui,1.0.100.v20110516,"org.eclipse.pde.ua.ui",1328318629375
stopped,bundle,org.eclipse.datatools.connectivity.oda.template.ui,3.2.2.v201108260345,"org.eclipse.datatools.connectivity.oda.template.ui",1328318629375
stopped,bundle,org.eclipse.pde.api.tools.ui,1.0.301.v20110803_r371,"org.eclipse.pde.api.tools.ui",1328318629376
stopped,bundle,org.eclipse.pde.ds.ui,1.0.100.v20110516,"org.eclipse.pde.ds.ui",1328318629376
stopped,bundle,org.eclipse.pde.runtime,3.4.201.v20110819-0851,"org.eclipse.pde.runtime",1328318629376
stopped,bundle,org.eclipse.pde.ui.templates,3.4.400.v20110516,"org.eclipse.pde.ui.templates",1328318629377
stopped,bundle,org.eclipse.pde.ui,3.6.100.v20110603,"org.eclipse.pde.ui",1328318629378
stopped,bundle,org.eclipse.ui.cheatsheets,3.4.100.v20110425,"org.eclipse.ui.cheatsheets",1328318629379
stopped,bundle,org.eclipse.help.ui,3.5.101.r37_20110819,"org.eclipse.help.ui",1328318629379
stopped,bundle,org.eclipse.help.webapp,3.6.0.v20110518,"org.eclipse.help.webapp",1328318629380
stopped,bundle,org.eclipse.epp.mpc.ui,1.1.1.I20110907-0947,"org.eclipse.epp.mpc.ui",1328318629380
stopped,bundle,org.eclipse.epp.usagedata.ui,1.3.1.R201106061540,"org.eclipse.epp.usagedata.ui",1328318629380
stopped,bundle,org.eclipse.ui.intro.universal,3.2.500.v20110510,"org.eclipse.ui.intro.universal",1328318629381
stopped,bundle,org.eclipse.wtp.epp.package.jee.intro,1.3.0.v201006142040,"org.eclipse.wtp.epp.package.jee.intro",1328318629381
stopped,bundle,org.eclipse.ui.intro,3.4.100.v20110425,"org.eclipse.ui.intro",1328318629381
stopped,bundle,org.eclipse.help.base,3.6.1.v201109091335,"org.eclipse.help.base",1328318629381
stopped,bundle,org.eclipse.jst.ws.axis.creation.ui,1.0.700.v201104070312,"org.eclipse.jst.ws.axis.creation.ui",1328318629381
stopped,bundle,org.eclipse.jst.ws.axis.consumption.ui,1.0.505.v201004211805,"org.eclipse.jst.ws.axis.consumption.ui",1328318629382
stopped,bundle,org.eclipse.jst.ws.axis2.creation.ui,1.0.104.v201004211805,"org.eclipse.jst.ws.axis2.creation.ui",1328318629382
stopped,bundle,org.eclipse.jst.ws.axis2.consumption.ui,1.0.103.v201004211805,"org.eclipse.jst.ws.axis2.consumption.ui",1328318629383
stopped,bundle,org.eclipse.jst.ws.axis2.creation.core,1.0.106.v201004211805,"org.eclipse.jst.ws.axis2.creation.core",1328318629383
stopped,bundle,org.eclipse.jst.ws.axis2.consumption.core,1.0.105.v201004211805,"org.eclipse.jst.ws.axis2.consumption.core",1328318629384
stopped,bundle,org.eclipse.jst.ws.cxf.creation.ui,1.0.100.v201104022153,"org.eclipse.jst.ws.cxf.creation.ui",1328318629384
stopped,bundle,org.eclipse.jst.ws.creation.ui,1.0.609.v201103082016,"org.eclipse.jst.ws.creation.ui",1328318629384
stopped,bundle,org.eclipse.jst.ws.cxf.consumption.ui,1.0.0.v201003222311,"org.eclipse.jst.ws.cxf.consumption.ui",1328318629385
stopped,bundle,org.eclipse.jst.ws.consumption.ui,1.1.401.v201108240414,"org.eclipse.jst.ws.consumption.ui",1328318629385
stopped,bundle,org.eclipse.jst.ws.axis2.ui,1.0.303.v201003110431,"org.eclipse.jst.ws.axis2.ui",1328318629385
stopped,bundle,org.eclipse.jst.ws.uddiregistry,1.0.500.v201004211805,"org.eclipse.jst.ws.uddiregistry",1328318629386
stopped,bundle,org.eclipse.jst.ws.ui,1.0.403.v201004211805,"org.eclipse.jst.ws.ui",1328318629386
stopped,bundle,org.eclipse.wst.ws.explorer,1.0.607.v201103082002,"org.eclipse.wst.ws.explorer",1328318629387
stopped,bundle,org.eclipse.equinox.http.jetty,2.0.100.v20110502,"org.eclipse.equinox.http.jetty",1328318629387
stopped,bundle,org.eclipse.wst.server.preview,1.1.100.v20091208,"org.eclipse.wst.server.preview",1328318629387
stopped,bundle,com.atlassian.connector.eclipse.bamboo.ui,3.0.0.v20110210,"com.atlassian.connector.eclipse.bamboo.ui",1328318629387
stopped,bundle,com.atlassian.connector.eclipse.bamboo.core,3.0.0.v20110210,"com.atlassian.connector.eclipse.bamboo.core",1328318629387
stopped,bundle,com.atlassian.connector.eclipse.fisheye.ui,3.0.0.v20110210,"com.atlassian.connector.eclipse.fisheye.ui",1328318629388
stopped,bundle,com.atlassian.connector.eclipse.fisheye.core,3.0.0.v20110210,"com.atlassian.connector.eclipse.fisheye.core",1328318629388
stopped,bundle,com.atlassian.connector.eclipse.ui,3.0.0.v20110210,"com.atlassian.connector.eclipse.ui",1328318629388
stopped,bundle,com.atlassian.connector.eclipse.core,3.0.0.v20110210,"com.atlassian.connector.eclipse.core",1328318629388
stopped,bundle,com.atlassian.connector.eclipse.jira.ui,3.0.0.v20110210,"com.atlassian.connector.eclipse.jira.ui",1328318629448
stopped,bundle,com.atlassian.connector.eclipse.jira.core,3.0.0.v20110210,"com.atlassian.connector.eclipse.jira.core",1328318629453
stopped,bundle,org.eclipse.jst.ws.axis.consumption.core,1.0.407.v201104071820,"org.eclipse.jst.ws.axis.consumption.core",1328318629454
stopped,bundle,org.eclipse.jst.ws.axis2.core,1.0.204.v201004211805,"org.eclipse.jst.ws.axis2.core",1328318629454
stopped,bundle,org.eclipse.jst.ws.consumption,1.0.601.v201108230319,"org.eclipse.jst.ws.consumption",1328318629455
stopped,bundle,org.eclipse.jst.ws.cxf.consumption.core,1.0.0.v201003222311,"org.eclipse.jst.ws.cxf.consumption.core",1328318629455
stopped,bundle,org.eclipse.jst.ws.cxf.creation.core,1.0.100.v201104022153,"org.eclipse.jst.ws.cxf.creation.core",1328318629455
stopped,bundle,org.eclipse.jst.ws.cxf.ui,1.0.0.v201004171919,"org.eclipse.jst.ws.cxf.ui",1328318629456
stopped,bundle,org.eclipse.jst.ws.cxf.core,1.0.100.v201104022153,"org.eclipse.jst.ws.cxf.core",1328318629456
stopped,bundle,org.eclipse.jst.ws,1.0.509.v201108250610,"org.eclipse.jst.ws",1328318629461
stopped,bundle,org.eclipse.wst.wsdl.ui,1.2.403.v201108240515,"org.eclipse.wst.wsdl.ui",1328318629462
stopped,bundle,org.eclipse.wst.ws.ui,1.1.200.v201004211805,"org.eclipse.wst.ws.ui",1328318629462
stopped,bundle,org.eclipse.wst.wsi.ui,1.0.502.v201104071820,"org.eclipse.wst.wsi.ui",1328318629463
stopped,bundle,org.eclipse.wst.wsi,1.0.401.v201104071820,"org.eclipse.wst.wsi",1328318629463
stopped,bundle,org.eclipse.wst.ws,1.1.203.v201004211805,"org.eclipse.wst.ws",1328318629464
stopped,bundle,org.eclipse.jst.j2ee.webservice.ui,1.1.500.v201105122000,"org.eclipse.jst.j2ee.webservice.ui",1328318629464
stopped,bundle,org.eclipse.jst.j2ee.webservice,1.1.400.v201004110600,"org.eclipse.jst.j2ee.webservice",1328318629464
stopped,bundle,org.eclipse.wst.ws.parser,1.0.403.v201004211805,"org.eclipse.wst.ws.parser",1328318629465
stopped,bundle,org.eclipse.jpt.dbws.eclipselink.ui,1.0.0.v201104110000,"org.eclipse.jpt.dbws.eclipselink.ui",1328318629465
stopped,bundle,org.eclipse.jst.ws.jaxws.ui,1.0.100.v201104032053,"org.eclipse.jst.ws.jaxws.ui",1328318629466
stopped,bundle,org.eclipse.jst.ws.jaxws.core,1.0.100.v201104031139,"org.eclipse.jst.ws.jaxws.core",1328318629466
stopped,bundle,org.eclipse.mylyn.bugzilla.ui,3.6.0.v20110608-1400,"org.eclipse.mylyn.bugzilla.ui",1328318629466
stopped,bundle,org.eclipse.mylyn.bugzilla.core,3.6.4.v20111106-0100,"org.eclipse.mylyn.bugzilla.core",1328318629466
stopped,bundle,org.eclipse.mylyn.commons.xmlrpc,3.6.0.v20110608-1400,"org.eclipse.mylyn.commons.xmlrpc",1328318629467
stopped,bundle,org.eclipse.datatools.enablement.oda.ws.ui,1.2.2.v201105111200,"org.eclipse.datatools.enablement.oda.ws.ui",1328318629467
stopped,bundle,org.eclipse.datatools.enablement.oda.ws,1.2.2.v201106161731,"org.eclipse.datatools.enablement.oda.ws",1328318629468
stopped,bundle,org.eclipse.wst.wsdl,1.2.202.v201108230355,"org.eclipse.wst.wsdl",1328318629468
stopped,bundle,org.eclipse.wst.wsdl.validation,1.1.502.v201104071820,"org.eclipse.wst.wsdl.validation",1328318629469
stopped,bundle,org.eclipse.wst.xsl.exslt.ui,1.0.0.v201006012005,"org.eclipse.wst.xsl.exslt.ui",1328318629469
stopped,bundle,org.eclipse.wst.xsl.jaxp.debug.ui,1.0.200.v201103081922,"org.eclipse.wst.xsl.jaxp.debug.ui",1328318629469
